"ID","NAME","PARENT_ID","ATTRIBUTE_SET_ID","POSITION","CAT_LEVEL","DISPLAY_ID","IS_MAIN"
"1010307","宝宝口腔护理","10103","0","7","3","667","0"
"1010501","补钙","10105","0","1","3","668","0"
"1010601","产后塑形美体","10106","0","1","3","669","0"
"1020105","改善睡眠","10201","0","5","3","670","0"
"1010712","洗浴护肤","10107","1539","12","3","671","1"
"1010904","防晒隔离","10109","0","4","3","672","1"
"1030105","胃痛","10301","0","5","3","673","0"
"1030106","便秘","10301","0","6","3","674","0"
"1020903","阿胶/鸡精","10209","1560","3","3","675","1"
"1050501","豆浆机","10505","0","1","3","676","0"
"1050503","加湿/净化器","10505","0","3","3","677","0"
"1050506","日常用品","10505","0","6","3","678","0"
"10310","眼科用药","103","0","11","2","680","1"
"10311","耳鼻喉口腔用药","103","0","12","2","681","1"
"1040502","脱毛","10405","0","2","3","682","1"
"1040505","去角质","10405","1541","5","3","683","1"
"1040602","唇膏","10406","1542","2","3","684","1"
"1031301","月经不调","10313","1576","1","3","685","1"
"1031403","咽喉肿痛","10314","1609","3","3","686","1"
"1031501","西药感冒","10315","1613","1","3","687","1"
"1032003","健脾消食","10320","1612","3","3","688","1"
"1040701","补水保湿","10407","0","1","3","689","0"
"1040706","唇膏","10407","0","6","3","690","0"
"10409","抗衰老","104","0","9","2","691","0"
"1040902","祛眼袋","10409","0","2","3","692","0"
"10507","保健按摩","105","0","7","2","693","1"
"1050702","头部按摩","10507","0","2","3","694","1"
"1051004","健身器械/器材","10510","0","4","3","695","1"
"1051203","体温计","10512","0","3","3","696","1"
"199","促销赠品","1","0","199","1","697","1"
"1010101","孕产妇牙膏/牙刷","10101","1525","1","3","698","1"
"1010304","免疫提升","10103","0","4","3","699","0"
"1010502","维矿补充","10105","0","2","3","700","0"
"1010203","DHA/健脑益智","10102","0","3","3","701","1"
"1010206","鱼肝油","10102","0","6","3","702","1"
"1010209","排铅","10102","0","9","3","703","1"
"1011002","卫生护理","10110","1545","2","3","704","1"
"1011003","衣物清洁","10110","0","3","3","705","1"
"1030104","手足癣","10301","0","4","3","706","0"
"1020901","葡萄籽/番茄红素","10209","1559","1","3","707","1"
"1030504","妇科炎症","10305","0","4","3","708","0"
"1040201","牙膏","10402","1523","1","3","709","1"
"1040304","面霜","10403","1530","4","3","710","1"
"1030901","退烧止痛","10309","1601","1","3","711","1"
"1031001","抗视疲劳","10310","1596","1","3","712","1"
"1040508","洗护","10405","0","8","3","713","1"
"1031307","妇科外用","10313","1570","7","3","714","1"
"10316","骨伤科用药","103","0","17","2","715","1"
"1031602","抗骨质增生药","10316","0","2","3","716","1"
"1031801","补钙","10318","1623","1","3","717","1"
"10410","修护肌肤","104","0","10","2","718","0"
"1041002","祛印","10410","0","2","3","719","0"
"1050901","艾灸/拔罐","10509","0","1","3","720","1"
"1051204","计步器","10512","0","4","3","721","1"
"1032006","腹泻便秘","10320","1608","6","3","722","1"
"1010309","防蚊防晒","10103","0","9","3","723","0"
"1010311","湿巾/纸巾","10103","0","11","3","724","0"
"1020102","补脑益精","10201","0","2","3","725","0"
"1020301","抵抗辐射","10203","0","1","3","727","0"
"1010805","蛋白粉","10108","0","5","3","728","1"
"1010808","免疫调节","10108","0","8","3","729","1"
"1020403","润肠通便","10204","0","3","3","730","0"
"1010901","防妊娠纹","10109","1543","1","3","731","1"
"1030401","关节炎","10304","0","1","3","732","0"
"1021008","膳食纤维","10210","0","8","3","735","1"
"1050302","中医养生器具","10503","0","2","3","736","0"
"1050504","果蔬解毒机","10505","0","4","3","737","0"
"1040104","眼贴","10401","0","4","3","738","1"
"10308","止咳平喘","103","0","9","2","739","1"
"1030801","止咳化痰","10308","1591","1","3","740","1"
"1031101","口腔溃疡","10311","1592","1","3","741","1"
"1031105","中耳炎","10311","0","5","3","742","1"
"1031205","烧伤烫伤","10312","1583","5","3","743","1"
"1031206","皮肤创伤","10312","1584","6","3","744","1"
"1031208","皮肤皲裂","10312","0","8","3","745","1"
"1031304","益气补血","10313","1573","4","3","746","1"
"10317","抗过敏及抗眩晕","103","0","18","2","747","1"
"1032001","感冒发烧","10320","1615","1","3","748","1"
"1050705","身体按摩","10507","0","5","3","750","1"
"1050805","护眼灯","10508","0","5","3","751","1"
"10510","运动护具","105","0","10","2","752","1"
"1010302","骨骼成长","10103","0","2","3","754","0"
"1010310","宝宝洗护","10103","0","10","3","755","0"
"1010104","婴幼儿漱口ㄠ","10101","0","4","3","756","1"
"1010106","婴幼儿唇膏","10101","0","6","3","757","1"
"1010709","湿巾/纸巾","10107","1536","9","3","758","1"
"1020204","补气养血","10202","0","4","3","759","0"
"10205","青少年成长","102","0","5","2","760","0"
"1020501","健脑益智","10205","0","1","3","761","0"
"10110","孕产妇护理","101","0","10","2","762","1"
"10207","维矿补充","102","0","7","2","763","1"
"10303","职场精英","103","0","4","2","764","0"
"1030402","骨质疏松","10304","0","2","3","765","0"
"1020907","蔓越莓","10209","0","7","3","766","1"
"10210","美体瘦身","102","0","10","2","767","1"
"1021301","无糖冲饮","10213","0","1","3","768","1"
"1030703","抑酸止痛/解痉","10307","1572","3","3","769","1"
"1030704","健脾和胃","10307","1574","4","3","770","1"
"1030707","润肠通便","10307","1582","7","3","771","1"
"10403","面部护理","104","0","3","2","772","1"
"1040301","洁面","10403","1521","1","3","773","1"
"1040401","足贴","10404","0","1","3","774","1"
"1031005","祛火明目","10310","1600","5","3","775","1"
"1031903","滋阴补肾","10319","1621","3","3","776","1"
"1040801","防晒/隔离","10408","0","1","3","777","0"
"1041101","祛斑","10411","0","1","3","778","0"
"1050905","消毒用品","10509","0","5","3","779","1"
"1050910","保健用品","10509","0","10","3","780","1"
"1032201","口服避孕药","10322","0","1","3","781","1"
"1020909","大豆异黄酮","10209","0","9","3","783","1"
"1030109","养生滋补","10301","0","9","3","784","0"
"1010701","棉签/棉纱","10107","1529","1","3","785","1"
"1010705","防蚊防晒","10107","1532","5","3","786","1"
"1010706","洗涤清洁","10107","1533","6","3","787","1"
"1010803","补血/铁","10108","0","3","3","788","1"
"1020405","无糖食品","10204","0","5","3","790","0"
"10302","运动旅行","103","0","3","2","791","0"
"1030201","皮肤外伤","10302","0","1","3","792","0"
"1020604","氨基酸","10206","0","4","3","793","1"
"10304","中老年用药","103","0","5","2","794","0"
"1020702","维生素E","10207","0","2","3","795","1"
"10208","心脑血管养护","102","0","8","2","796","1"
"1020802","卵磷脂","10208","0","2","3","797","1"
"1020807","其它心脑血管养护","10208","0","7","3","798","1"
"1021001","苹果醋","10210","0","1","3","799","1"
"1030603","消化不良","10306","0","3","3","800","0"
"1021101","海狗油","10211","0","1","3","801","1"
"1050103","美腿足疗机","10501","0","3","3","802","0"
"1021201","菊皇茶","10212","0","1","3","803","1"
"1021202","苦荞茶","10212","0","2","3","804","1"
"1021204","养颜蜂蜜","10212","0","4","3","805","1"
"1021401","休闲小食","10214","1566","1","3","806","1"
"1030701","胃及十二指肠溃疡","10307","1568","1","3","808","1"
"1040303","乳液/精华","10403","1527","3","3","809","1"
"1040307","男士护肤","10403","0","7","3","810","1"
"1031209","腋臭","10312","1588","9","3","811","1"
"1040803","BB霜","10408","0","3","3","812","0"
"1041103","抗过敏","10411","0","3","3","813","0"
"1050902","刮痧/砭石","10509","0","2","3","814","1"
"1050907","理疗贴剂","10509","0","7","3","815","1"
"1030714","胃癌食道癌","10307","1574","14","3","1230","1"
"1030502","益气补血","10305","0","2","3","734","0"
"1051002","护腰/护颈/护肩","10510","1547","2","3","753","1"
"1030805","肺癌","10308","0","5","3","1232","1"
"1031106","清咽润喉","10311","0","6","3","1239","1"
"1031216","麻风病","10312","0","16","3","1245","1"
"1031308","阴道炎","10313","0","8","3","1250","1"
"1031607","腰肌劳损","10316","0","7","3","1258","1"
"1031610","静脉曲张、脉管炎","10316","0","10","3","1261","1"
"1031806","营养类","10318","0","6","3","1270","1"
"1032008","补钙铁锌","10320","0","8","3","1274","1"
"1032102","高血压类","10321","0","2","3","1282","1"
"1032106","动脉闭塞","10321","0","6","3","1286","1"
"1032107","冠心病","10321","0","7","3","1287","1"
"1032114","心力衰竭","10321","0","14","3","1311","1"
"10325","肝胆胰类用药","103","0","26","2","1314","1"
"10327","泌尿系统","103","0","28","2","1316","1"
"10329","脱发类药","103","0","30","2","1318","1"
"10330","减肥瘦身","103","0","31","2","1319","1"
"10331","戒烟解酒","103","0","32","2","1320","1"
"10333","血液疾病","103","0","34","2","1322","1"
"10335","祛暑用药","103","0","36","2","1324","1"
"1032504","胆囊炎","10325","0","4","3","1339","1"
"1032309","其他用药","10323","0","9","3","1332","1"
"1032402","口服降糖西药","10324","0","2","3","1334","1"
"1032506","脂肪肝类","10325","0","6","3","1341","1"
"1032508","胆结石","10325","0","8","3","1343","1"
"1032509","肝癌类药","10325","0","9","3","1344","1"
"1032510","降转氨酶","10325","0","10","3","1345","1"
"1032602","补肾壮阳","10326","0","2","3","1350","1"
"1032702","肾炎肾癌","10327","0","2","3","1354","1"
"1032703","肾结石、尿路结石","10327","0","3","3","1355","1"
"1032704","水肿","10327","0","4","3","1356","1"
"1032705","尿崩症","10327","0","5","3","1357","1"
"1032706","肾病综合症","10327","0","6","3","1358","1"
"1032707","尿毒症","10327","0","7","3","1359","1"
"1032801","细菌感染","10328","0","1","3","1361","1"
"1032803","真菌感染","10328","0","3","3","1363","1"
"1033202","免疫功能低","10332","0","2","3","1366","1"
"1033301","血小板减少","10333","0","1","3","1367","1"
"1033302","贫血类药","10333","0","2","3","1368","1"
"1033603","甲状腺功能失调","10336","0","3","3","1390","1"
"1010301","健脑益智/DHA","10103","0","1","3","816","0"
"10104","科学备孕","101","0","4","2","817","0"
"1010703","湿疹","10107","0","3","3","819","1"
"1020103","降脂排毒","10201","0","3","3","820","0"
"1020302","缓解疲劳","10203","0","2","3","821","0"
"1010806","DHA","10108","0","6","3","822","1"
"1030205","晕车","10302","0","5","3","823","0"
"1020605","蜂胶/蜂产品","10206","1552","5","3","824","1"
"1020703","维生素B","10207","1554","3","3","825","1"
"1020803","大蒜油","10208","1558","3","3","826","1"
"10306","儿童用药","103","0","7","2","827","0"
"1030601","感冒发烧","10306","0","1","3","828","0"
"1021004","纤体梅","10210","0","4","3","829","1"
"1050101","瘦身仪器","10501","0","1","3","830","0"
"1021104","护肝解酒","10211","1564","4","3","831","1"
"1050301","保健按摩","10503","0","1","3","832","0"
"1021205","其他健康茶饮","10212","0","5","3","833","1"
"10505","生活管家","105","0","5","2","834","0"
"1040101","美瞳","10401","1661","1","3","835","1"
"1040302","爽肤","10403","1522","2","3","836","1"
"1040402","足浴盐","10404","0","2","3","837","1"
"10312","皮肤用药","103","0","13","2","838","1"
"1031201","手足癣病","10312","1578","1","3","839","1"
"1031204","银屑病","10312","0","4","3","840","1"
"1041001","祛痘","10410","0","1","3","842","0"
"1031601","跌打损伤药","10316","1618","1","3","843","1"
"1031606","肩周炎颈椎病","10316","1631","6","3","844","1"
"1041006","祛黑头","10410","0","6","3","845","0"
"1021009","润肠茶/胶囊","10210","0","9","3","846","1"
"1040501","瘦身","10405","0","1","3","847","1"
"1990101","全网站赠品","19901","0","1","3","848","1"
"1030715","其他用药","10307","1574","15","3","1231","1"
"1031008","视物昏花","10310","0","8","3","1236","1"
"1031009","眼底病变","10310","0","9","3","1237","1"
"1031309","产后疾病","10313","0","9","3","1251","1"
"1031310","盆腔炎","10313","0","10","3","1252","1"
"1031807","补铁补硒","10318","0","7","3","1271","1"
"1032103","高血脂类","10321","0","3","3","1283","1"
"1032105","中风偏瘫","10321","0","5","3","1285","1"
"1032109","心肌病","10321","0","9","3","1289","1"
"1032111","心律不齐","10321","0","11","3","1308","1"
"1032112","外周血管疾病","10321","0","12","3","1309","1"
"1032115","其他用药","10321","0","15","3","1312","1"
"10326","男科用药","103","0","27","2","1315","1"
"10332","免疫调节","103","0","33","2","1321","1"
"10334","痔疮类药","103","0","35","2","1323","1"
"1032306","眩晕、晕动症","10323","0","6","3","1329","1"
"1032307","肌无力类","10323","0","7","3","1330","1"
"1032401","口服降糖中成药","10324","0","1","3","1333","1"
"1032501","乙肝用药","10325","0","1","3","1335","1"
"1032403","注射类降糖药","10324","0","3","3","1337","1"
"1032505","疏肝理气","10325","0","5","3","1340","1"
"1032513","其他用药","10325","0","13","3","1348","1"
"1032603","性功能障碍","10326","0","3","3","1351","1"
"1032604","滋阴补肾","10326","0","4","3","1352","1"
"1032802","病毒感染","10328","0","2","3","1362","1"
"1032804","其他用药","10328","0","4","3","1364","1"
"1033201","类风湿","10332","0","1","3","1365","1"
"1033303","白细胞减少","10333","0","3","3","1369","1"
"1033306","止血类药","10333","0","6","3","1372","1"
"1033401","内服痔疮用药","10334","0","1","3","1374","1"
"1033601","激素类药","10336","0","1","3","1388","1"
"1032310","抗抑郁药","10323","0","10","3","1428","1"
"1011101","2段奶粉","10111","0","1","3","1489","1"
"1011102","3段奶粉","10111","0","2","3","1490","1"
"10602","精制饮片","106","0","2","2","1509","1"
"10604","单方饮片","106","0","4","2","1511","1"
"1060103","藏红花","10601","0","3","3","1515","1"
"1060104","海参","10601","0","4","3","1516","1"
"1060106","石斛","10601","0","6","3","1518","1"
"1060107","阿胶类","10601","0","7","3","1519","1"
"1010306","维矿补充","10103","0","6","3","849","0"
"1010202","钙铁锌","10102","0","2","3","850","1"
"1010204","益生菌","10102","0","4","3","851","1"
"1010602","产后祛疤","10106","0","2","3","852","0"
"1010605","补气养血","10106","0","5","3","853","0"
"1020205","排毒养颜","10202","0","5","3","854","0"
"1011004","排卵测孕","10110","0","4","3","855","1"
"1030303","肩周炎","10303","0","3","3","856","0"
"1030403","失眠健忘","10304","0","3","3","857","0"
"1020705","补铁/锌","10207","0","5","3","858","1"
"1020904","羊胎素","10209","0","4","3","859","1"
"1020905","胶原蛋白","10209","1561","5","3","860","1"
"1030503","乳腺疾病","10305","0","3","3","861","0"
"1050201","拐杖/助行器/轮椅","10502","0","1","3","862","0"
"10504","三高检测","105","0","4","2","863","0"
"1050402","血压计","10504","0","2","3","864","0"
"10401","眼部护理","104","0","1","2","865","1"
"1030705","消积化食","10307","1577","5","3","866","1"
"1040103","眼霜/精华","10401","0","3","3","867","1"
"10402","口腔护理","104","0","2","2","868","1"
"1030804","呼吸道感染","10308","0","4","3","869","1"
"1031003","抗菌消炎","10310","1598","3","3","870","1"
"1040404","护手","10404","1540","4","3","871","1"
"1031904","减肥瘦身","10319","1622","4","3","872","1"
"10408","美白护理","104","0","8","2","873","0"
"1040802","美白","10408","0","2","3","874","0"
"10411","敏感肌肤","104","0","11","2","875","0"
"1041102","祛红血丝","10411","0","2","3","876","0"
"1050906","医用辅料","10509","0","6","3","877","1"
"1051104","制氧机/氧气袋","10511","0","4","3","878","1"
"1030711","理气止痛","10307","1574","11","3","879","1"
"1031401","解热祛暑","10314","1606","1","3","881","1"
"1990202","营养赠品","19902","0","2","3","882","1"
"1040105","隐形眼镜","10401","1641","5","3","1208","1"
"1020304","明目养眼","10203","0","4","3","789","0"
"1050602","户外运动护具","10506","0","2","3","807","0"
"1010702","退热降温","10107","0","2","3","818","1"
"19902","子频道赠品","199","0","2","2","880","1"
"1040509","染发h油","10405","0","9","3","906","1"
"1031214","疥疮","10312","0","14","3","1243","1"
"1031219","红斑狼疮","10312","0","19","3","1248","1"
"1031608","滑膜炎","10316","0","8","3","1259","1"
"1031613","骨质疏松","10316","0","13","3","1264","1"
"1031805","补钾类","10318","0","5","3","1269","1"
"1032104","心绞痛类","10321","0","4","3","1284","1"
"1032110","肺动脉高压","10321","0","10","3","1290","1"
"1032113","动脉硬化","10321","0","13","3","1310","1"
"1032303","帕金森类","10323","0","3","3","1326","1"
"1032308","面瘫癫痫","10323","0","8","3","1331","1"
"1032502","肝炎用药","10325","0","2","3","1336","1"
"1032512","胰腺癌","10325","0","12","3","1347","1"
"1032601","前列腺类","10326","0","1","3","1349","1"
"1033304","白血病","10333","0","4","3","1370","1"
"1033307","血友病","10333","0","7","3","1373","1"
"1033602","内分泌失调","10336","0","2","3","1389","1"
"10337","抗痛风药","103","0","38","2","1408","1"
"1032311","抗焦虑药","10323","0","11","3","1429","1"
"1032312","精神分裂","10323","0","12","3","1430","1"
"1011103","特殊配方奶粉","10111","0","3","3","1491","1"
"10111","奶粉","101","0","11","2","1488","1"
"10601","参茸贵细","106","0","1","2","1508","1"
"10603","千方百剂","106","0","3","2","1510","1"
"1060101","参类","10601","0","1","3","1513","1"
"1060102","虫草","10601","0","2","3","1514","1"
"1060111","黄芪","10601","0","11","3","1523","1"
"1060201","药食同源","10602","0","1","3","1524","1"
"1060202","包装饮片","10602","0","2","3","1525","1"
"1060301","养元参麦茶","10603","0","1","3","1526","1"
"1060302","疏风养血汤","10603","0","2","3","1527","1"
"1060306","双花洋参饮","10603","0","6","3","1532","1"
"1010401","补充叶酸","10104","0","1","3","883","0"
"10101","口腔护理","101","0","1","2","884","1"
"1010404","防辐射","10104","0","4","3","885","0"
"10107","宝宝护理","101","0","7","2","886","1"
"1020104","补肾壮阳","10201","0","4","3","887","0"
"1020203","延缓衰老","10202","0","3","3","888","0"
"1010902","产后祛疤","10109","0","2","3","889","1"
"1010903","产后塑形美体","10109","0","3","3","890","1"
"1020503","营养补充","10205","0","3","3","891","0"
"1020601","蛋白粉","10206","0","1","3","892","1"
"1030202","跌打损伤","10302","0","2","3","893","0"
"1020603","螺旋藻","10206","1551","3","3","894","1"
"1030302","颈椎病","10303","0","2","3","895","0"
"10209","美容养颜","102","0","9","2","896","1"
"1020902","芦荟","10209","0","2","3","897","1"
"1030505","更年期综合症","10305","0","5","3","898","0"
"10214","休闲食品","102","0","14","2","899","1"
"1050502","酸奶机","10505","0","2","3","900","0"
"1050505","护眼灯","10505","0","5","3","901","0"
"1030709","驱肠虫药","10307","1587","9","3","902","1"
"1031103","急慢性咽喉炎","10311","1593","3","3","903","1"
"1040504","精油","10405","0","4","3","904","1"
"1031202","蚊虫叮咬","10312","1580","2","3","905","1"
"1031604","腰腿疼痛","10316","1628","4","3","907","1"
"1031803","多种维生素与矿物质","10318","1626","3","3","908","1"
"1041004","消炎/舒缓","10410","0","4","3","909","0"
"1051101","理疗器械","10511","0","1","3","910","1"
"1051201","血糖仪/试纸","10512","0","1","3","911","1"
"1051206","其他检测","10512","0","6","3","912","1"
"10322","避孕药品","103","0","23","2","913","1"
"1031702","抗眩晕","10317","1629","2","3","914","1"
"1032203","其它类避孕药","10322","0","3","3","915","1"
"1030712","恶心呕吐","10307","1574","12","3","1228","1"
"1030806","抗结核","10308","0","6","3","1233","1"
"1031404","疮疡肿痛","10314","0","4","3","1255","1"
"1031808","叶酸","10318","0","8","3","1272","1"
"1032108","低血压","10321","0","8","3","1288","1"
"10324","糖尿病用药","103","0","25","2","1313","1"
"10328","抗感染类","103","0","29","2","1317","1"
"10336","激素内分泌","103","0","37","2","1325","1"
"1032305","老年痴呆","10323","0","5","3","1328","1"
"1032503","肝硬化类","10325","0","3","3","1338","1"
"1032507","黄疸类药","10325","0","7","3","1342","1"
"1032511","胰腺炎","10325","0","11","3","1346","1"
"1032701","尿路感染","10327","0","1","3","1353","1"
"1032708","膀胱炎、膀胱癌","10327","0","8","3","1360","1"
"1033305","紫癜","10333","0","5","3","1371","1"
"1033402","外用痔疮用药","10334","0","2","3","1375","1"
"1010211","奶粉","10102","0","11","3","1468","1"
"106","中药养生","1","0","6","1","1255","1"
"10605","道地药材","106","0","5","2","1512","0"
"1060105","灵芝","10601","0","5","3","1517","1"
"1060108","鹿茸","10601","0","8","3","1520","1"
"1060109","三七","10601","0","9","3","1521","1"
"1060110","燕窝","10601","0","10","3","1522","1"
"1060303","养血通经止疼散","10603","0","3","3","1528","1"
"1060304","妇科第一：四物汤","10603","0","4","3","1530","1"
"1060305","当归补血汤","10603","0","5","3","1531","1"
"1060307","益阴降糖散","10603","0","7","3","1533","1"
"1060308","固精导浊方","10603","0","8","3","1534","1"
"1060309","紫石黄助阳方","10603","0","9","3","1535","1"
"1060310","金锁固精汤","10603","0","10","3","1536","1"
"1060311","荷叶饮","10603","0","11","3","1537","1"
"1060312","山楂减肥茶","10603","0","12","3","1538","1"
"1060313","黄芪白术汤","10603","0","13","3","1539","1"
"1060314","白术黄柏汤","10603","0","14","3","1540","1"
"1060315","丹参牛角汤","10603","0","15","3","1541","1"
"1060316","三花减肥汤","10603","0","16","3","1542","1"
"1060317","白术茯苓汤","10603","0","17","3","1543","1"
"1060318","养颜茶","10603","0","18","3","1544","1"
"1060319","亮肤茶","10603","0","19","3","1545","1"
"1060320","乌发茶","10603","0","20","3","1546","1"
"1010305","清火开胃","10103","0","5","3","916","0"
"10105","幸孕妈咪","101","0","5","2","917","0"
"1010503","免疫调节","10105","0","3","3","918","0"
"1010506","孕妈口腔护理","10105","0","6","3","919","0"
"1010604","卫生护理","10106","0","4","3","920","0"
"10108","孕产妇营养","101","0","8","2","921","1"
"10301","家庭用药","103","0","1","2","922","0"
"1030101","感冒发烧","10301","0","1","3","923","0"
"1020801","鱼油","10208","1557","1","3","924","1"
"1020806","辅酶Q10","10208","0","6","3","925","1"
"1021003","啤酒酵母","10210","0","3","3","926","1"
"1021006","减肥茶/胶囊","10210","0","6","3","927","1"
"1021103","小蓟","10211","0","3","3","928","1"
"1050303","理疗贴剂","10503","0","3","3","929","0"
"10506","运动一族","105","0","6","2","930","0"
"1050601","运动器具","10506","0","1","3","931","0"
"1050603","健身器械/器材","10506","0","3","3","932","0"
"10405","塑身美体","104","0","5","2","933","1"
"1031102","牙周疾病","10311","0","2","3","934","1"
"1040503","丰胸","10405","0","3","3","935","1"
"1031603","活血化瘀","10316","1624","3","3","936","1"
"10318","维生素与矿物质","103","0","19","2","937","1"
"1031802","维生素补充","10318","1625","2","3","938","1"
"1990205","健康生活赠品","19902","0","5","3","939","1"
"1020704","补钙","10207","1555","4","3","733","1"
"1041003","祛疤痕","10410","0","3","3","940","0"
"10509","保健养生","105","0","9","2","941","1"
"1051205","体重脂肪测量","10512","0","5","3","942","1"
"10203","办公一族","102","0","3","2","726","0"
"1040704","美瞳/护理液","10407","0","4","3","749","0"
"1010102","婴幼儿牙膏/牙刷","10101","1526","2","3","943","1"
"10103","聪慧宝宝","101","0","3","2","944","0"
"1010105","婴幼儿牙胶","10101","0","5","3","945","1"
"1010505","防晒隔离","10105","0","5","3","946","0"
"1010603","衣物清洁","10106","0","3","3","947","0"
"1010704","护理贴","10107","1531","4","3","948","1"
"1010801","补充叶酸","10108","0","1","3","949","1"
"1010802","补钙","10108","0","2","3","950","1"
"1010807","牛初乳","10108","0","7","3","952","1"
"1020402","安神助眠","10204","0","2","3","953","0"
"1020404","骨骼健康","10204","0","4","3","954","0"
"10206","提升免疫","102","0","6","2","955","1"
"1030108","咽喉肿痛","10301","0","8","3","956","0"
"1020908","首乌/黑豆","10209","0","8","3","957","1"
"10502","中老年康复","105","0","2","2","958","0"
"1050304","理疗设备","10503","0","4","3","960","0"
"1021402","零食特产","10214","1567","2","3","961","1"
"1030708","胃动力药","10307","1586","8","3","962","1"
"1040203","牙粉","10402","1524","3","3","963","1"
"1040204","漱口水/口喷","10402","0","4","3","964","1"
"10406","面部彩妆","104","0","6","2","966","1"
"1040601","眉眼彩妆","10406","0","1","3","967","1"
"1031305","乳腺疾病","10313","0","5","3","968","1"
"10314","清热解毒","103","0","15","2","969","1"
"10320","儿科用药","103","0","21","2","970","1"
"1040705","塑身美体","10407","0","5","3","971","0"
"1040901","抗皱","10409","0","1","3","972","0"
"1050701","足浴按摩","10507","0","1","3","973","1"
"1050706","美腿足疗机","10507","0","6","3","974","1"
"1050801","豆浆机","10508","0","1","3","975","1"
"1051103","床上护理用品","10511","0","3","3","977","1"
"1","百洋健康网","0","0","1","0","978","1"
"101","聪慧孕婴","1","0","1","1","979","1"
"102","营养佳品","1","0","2","1","980","1"
"103","中西药品","1","0","3","1","981","1"
"104","美肤护颜","1","0","4","1","982","1"
"105","健康生活","1","0","5","1","983","1"
"1010402","排卵测孕","10104","0","2","3","984","0"
"1010507","沐浴护肤","10105","0","7","3","985","0"
"1010208","清火开胃/消化不良","10102","0","8","3","986","1"
"1010210","健康食用油","10102","0","10","3","987","1"
"1030102","腹痛腹泻","10301","0","2","3","988","0"
"1020607","灵芝/西洋参","10206","0","7","3","989","1"
"1020608","褪黑素","10206","0","8","3","990","1"
"1030404","腰腿疼痛","10304","0","4","3","992","0"
"1020706","复合维矿","10207","1556","6","3","993","1"
"10305","女性健康","103","0","6","2","994","0"
"1030501","月经不调","10305","0","1","3","995","0"
"10212","健康茶饮","102","0","12","2","996","1"
"1050203","制氧机","10502","0","3","3","997","0"
"1050403","体温计","10504","0","3","3","999","0"
"10309","解热镇痛","103","0","10","2","1000","1"
"1040305","面膜","10403","1534","5","3","1001","1"
"1040308","套装礼盒","10403","0","8","3","1002","1"
"1031104","鼻炎/鼻窦炎","10311","1595","4","3","1003","1"
"1031207","痤疮祛疤","10312","1585","7","3","1004","1"
"10313","妇科用药","103","0","14","2","1005","1"
"1031502","中成药感冒","10315","1616","2","3","1007","1"
"1032004","清热解毒","10320","1611","4","3","1008","1"
"10407","基础护理","104","0","7","2","1009","0"
"1040702","口腔清洁","10407","0","2","3","1010","0"
"1040707","男士护理","10407","0","7","3","1011","0"
"1040903","祛鱼尾纹","10409","0","3","3","1012","0"
"1050703","眼部按摩","10507","0","3","3","1013","1"
"1031901","安神助眠","10319","1619","1","3","1014","1"
"10321","心脑血管用药","103","0","22","2","1015","1"
"1032202","避孕栓","10322","0","2","3","1016","1"
"1020306","免疫调节","10203","0","6","3","1017","0"
"1010713","其它","10107","0","13","3","1018","1"
"1990204","美肤赠品","19902","0","4","3","1019","1"
"19901","全网站赠品","199","0","1","2","1020","1"
"1020303","调节肠胃","10203","0","3","3","951","0"
"1021203","牛蒡茶","10212","0","3","3","959","1"
"1051003","护肘\护掌\护臂\护指\护腕","10510","0","3","3","976","1"
"1030304","提升免疫","10303","0","4","3","991","0"
"10213","糖尿病食品","102","0","13","2","998","1"
"1031302","保胎促孕","10313","0","2","3","1006","1"
"1010207","维生素","10102","0","7","3","1023","1"
"1020701","维生素C","10207","1553","1","3","1039","1"
"10512","家用检测","105","0","12","2","1055","1"
"1010312","护臀爽身","10103","0","12","3","1108","0"
"1031503","中西结合感冒药","10315","1617","3","3","1122","1"
"1031211","皮肤瘙痒","10312","0","11","3","1240","1"
"1032009","小儿祛火","10320","0","9","3","1275","1"
"1031215","白癜风","10312","0","15","3","1244","1"
"1031311","宫颈炎","10313","0","11","3","1253","1"
"1031312","附件炎","10313","0","12","3","1254","1"
"1031616","坐骨神经痛","10316","0","16","3","1267","1"
"1032007","咳嗽哮喘","10320","0","7","3","1273","1"
"1032010","五官疾病","10320","0","10","3","1276","1"
"1032011","抗菌消炎","10320","0","11","3","1277","1"
"1032012","小儿外伤","10320","0","12","3","1278","1"
"10323","神经系统","103","0","24","2","1279","1"
"1032301","神经性头疼","10323","0","1","3","1280","1"
"1032302","偏头疼","10323","0","2","3","1281","1"
"10102","宝宝营养","101","0","2","2","1021","1"
"1010103","孕产妇漱口水","10101","1528","3","3","1022","1"
"10201","魅力男士","102","0","1","2","1024","0"
"1020101","护肝解酒","10201","0","1","3","1025","0"
"1010707","体温计","10107","0","7","3","1026","1"
"1010710","护臀爽身","10107","1537","10","3","1027","1"
"1010711","祛痱止痒","10107","1538","11","3","1028","1"
"1020201","美容养颜","10202","0","1","3","1029","0"
"1010804","维生素","10108","0","4","3","1030","1"
"1020305","维矿补充","10203","0","5","3","1031","0"
"1020401","护心养脑","10204","0","1","3","1032","0"
"1020502","强壮骨骼","10205","0","2","3","1034","0"
"1030107","清热泻火","10301","0","7","3","1035","0"
"1030204","防过敏","10302","0","4","3","1036","0"
"1020602","牛初乳/羊奶粉","10206","1550","2","3","1037","1"
"1020606","角鲨烯","10206","0","6","3","1038","1"
"1020906","珍珠粉","10209","0","6","3","1040","1"
"1050202","床上护理用品","10502","0","2","3","1041","0"
"1050507","计生用品","10505","0","7","3","1042","0"
"1030706","腹痛腹泻","10307","1579","6","3","1043","1"
"1040506","润肤/止痒","10405","0","6","3","1044","1"
"1040507","美体小物","10405","0","7","3","1045","1"
"10315","感冒用药","103","0","16","2","1046","1"
"1031605","风湿关节炎","10316","1630","5","3","1047","1"
"1041005","控油","10410","0","5","3","1048","0"
"10508","健康家电","105","0","8","2","1049","1"
"1050802","酸奶机","10508","0","2","3","1050","1"
"1050903","发热磁疗用品","10509","0","3","3","1051","1"
"1050908","晕车贴","10509","0","8","3","1052","1"
"1051102","拐杖/助行器/轮椅","10511","0","2","3","1054","1"
"1051202","血压计/听诊器","10512","0","2","3","1056","1"
"1051301","洗涤清洁","10513","1548","1","3","1057","1"
"1010303","肠道调理","10103","0","3","3","1058","0"
"1010201","补钙","10102","0","1","3","1059","1"
"10106","产后调理","101","0","6","2","1060","0"
"1011001","防辐射","10110","0","1","3","1061","1"
"1030103","皮炎湿疹","10301","0","3","3","1062","0"
"1030301","视疲劳","10303","0","1","3","1063","0"
"1020804","银杏提取物","10208","0","4","3","1064","1"
"1021002","左旋肉碱","10210","1562","2","3","1065","1"
"1030604","维矿补充","10306","0","4","3","1066","0"
"10211","滋补肝肾","102","0","11","2","1067","1"
"1021102","虫草/海参","10211","1563","2","3","1068","1"
"1050104","体重脂肪测量","10501","0","4","3","1069","0"
"1050401","血糖仪/试纸","10504","0","1","3","1070","0"
"1050404","计步器","10504","0","4","3","1071","0"
"1030702","急慢性肠胃炎","10307","1569","2","3","1072","1"
"1040102","眼部护理液","10401","0","2","3","1073","1"
"1030802","气管炎","10308","1603","2","3","1074","1"
"1030803","平喘药","10308","1604","3","3","1075","1"
"10404","手足护理","104","0","4","2","1076","1"
"1031002","结膜炎","10310","1597","2","3","1077","1"
"1040403","护足用品","10404","0","3","3","1078","1"
"10319","滋补养颜","103","0","20","2","1079","1"
"1031902","益气补血","10319","1620","2","3","1080","1"
"1050803","加湿/净化器","10508","0","3","3","1081","1"
"1050904","暖贴/暖宝","10509","0","4","3","1082","1"
"1050909","计生用品","10509","0","9","3","1083","1"
"10513","日用百货","105","0","13","2","1084","1"
"1051302","卫生/消毒","10513","1549","2","3","1085","1"
"1030902","抗炎镇痛药","10309","1602","2","3","1086","1"
"1021007","代餐粉","10210","0","7","3","1087","1"
"1021302","无糖食品","10213","1565","2","3","1088","1"
"1031004","白内障","10310","1599","4","3","1089","1"
"1031203","皮炎湿疹","10312","1581","3","3","1090","1"
"1031402","抗菌消炎","10314","1607","2","3","1091","1"
"1032002","止咳化痰","10320","1614","2","3","1092","1"
"1010504","防妊娠纹","10105","0","4","3","1093","0"
"1020610","其它营养保健","10206","0","10","3","1094","1"
"1032101","降压通络药","10321","0","1","3","1095","1"
"1990201","孕婴赠品","19902","0","1","3","1096","1"
"1990203","药品赠品","19902","0","3","3","1097","1"
"1010205","牛初乳/蛋白粉","10102","0","5","3","1098","1"
"10109","孕产妇美肤","101","0","9","2","1033","1"
"10511","康复理疗","105","0","11","2","1053","1"
"1030713","结肠癌类","10307","1574","13","3","1229","1"
"1031006","干眼症","10310","0","6","3","1234","1"
"1031007","青光眼","10310","0","7","3","1235","1"
"1031212","疱疹","10312","0","12","3","1241","1"
"1031213","冻疮","10312","0","13","3","1242","1"
"1031217","尖锐湿疣","10312","0","17","3","1246","1"
"1031218","皮肤感染","10312","0","18","3","1247","1"
"1031220","祛斑类","10312","0","20","3","1249","1"
"1031405","祛火通便","10314","0","5","3","1256","1"
"1031406","呼吸道感染","10314","0","6","3","1257","1"
"1031609","股骨头病","10316","0","9","3","1260","1"
"1031611","骨癌用药","10316","0","11","3","1262","1"
"1031612","骨关节炎","10316","0","12","3","1263","1"
"1031614","扭伤骨折","10316","0","14","3","1265","1"
"1031615","腰椎间盘突出","10316","0","15","3","1266","1"
"1031804","电解质","10318","0","4","3","1268","1"
"1010403","免疫调节","10104","0","3","3","1099","0"
"1010708","指甲剪","10107","1594","8","3","1100","1"
"10202","完美丽人","102","0","2","2","1101","0"
"1020202","纤体瘦身","10202","0","2","3","1102","0"
"10204","关爱父母","102","0","4","2","1103","0"
"1010905","沐浴护肤","10109","1544","5","3","1104","1"
"1030203","蚊虫叮咬","10302","0","3","3","1105","0"
"1030206","防暑降温","10302","0","6","3","1106","0"
"1010308","退热降温","10103","0","8","3","1107","0"
"1020609","健康礼盒","10206","0","9","3","1109","1"
"1020805","苦瓜素","10208","0","5","3","1110","1"
"1030602","止咳化痰","10306","0","2","3","1111","0"
"1021005","修身咖啡","10210","0","5","3","1112","1"
"10501","瘦身男女","105","0","1","2","1113","0"
"1050102","纤体瑜伽","10501","0","2","3","1114","0"
"1021105","其它滋补肝肾","10211","0","5","3","1115","1"
"10503","全民养生","105","0","3","2","1116","0"
"10307","胃肠用药","103","1574","8","2","1117","1"
"1040202","牙刷/牙线","10402","0","2","3","1118","1"
"1040306","防晒隔离","10403","1535","6","3","1119","1"
"1040603","粉底","10406","0","3","3","1120","1"
"1031303","更年期综合症","10313","1575","3","3","1121","1"
"1031701","抗过敏","10317","1627","1","3","1123","1"
"1032005","维生素及矿物质","10320","1610","5","3","1124","1"
"1040703","手足护理","10407","0","3","3","1125","0"
"1040708","染发h油","10407","0","8","3","1126","0"
"1040904","提拉收紧","10409","0","4","3","1127","0"
"1050704","颈椎保健","10507","0","4","3","1128","1"
"1050804","果蔬解毒机","10508","0","4","3","1129","1"
"1051001","护膝\护腿\护踝","10510","1546","1","3","1130","1"
"1031210","头皮屑","10312","1590","10","3","1131","1"
"1060326","决明子苦丁茶","10603","0","26","3","1552","1"
"1060339","乌鸡白凤尾菇汤","10603","0","39","3","1565","1"
"1060357","银栀汤","10603","0","57","3","1583","1"
"1060322","口臭、暑热","10603","0","22","3","1548","1"
"1060324","滋阴降火汤","10603","0","24","3","1550","1"
"1060331","复方降脂汤","10603","0","31","3","1557","1"
"1060336","虫草枸杞淮山羊肉汤","10603","0","36","3","1562","1"
"1060340","对虾通草丝瓜汤","10603","0","40","3","1566","1"
"1060342","枸杞炒瘦肉","10603","0","42","3","1568","1"
"1060346","救相汤","10603","0","46","3","1572","1"
"1060355","术壳麻桃密汤","10603","0","55","3","1581","1"
"1060359","黄芩清肺饮","10603","0","59","3","1585","1"
"1060401","小包装饮片","10604","0","1","3","1589","1"
"1060507","西南区","10605","0","7","3","1614","0"
"1060502","华南区","10605","0","2","3","1609","0"
"1060321","南黄散","10603","0","21","3","1547","1"
"1060323","口臭、胃嗝","10603","0","23","3","1549","1"
"1060325","三花清凉茶","10603","0","25","3","1551","1"
"1060335","乌梅汤","10603","0","35","3","1561","1"
"1060337","苁蓉杞地海参汤","10603","0","37","3","1563","1"
"1060338","巴戟杜仲海龙汤","10603","0","38","3","1564","1"
"1060341","首乌羊肉生发汤","10603","0","41","3","1567","1"
"1060343","美颜鸡蛋汤","10603","0","43","3","1569","1"
"1060349","加味七福饮","10603","0","49","3","1575","1"
"1060350","石英汤","10603","0","50","3","1576","1"
"1060358","草还丹","10603","0","58","3","1584","1"
"1060503","华北区","10605","0","3","3","1610","0"
"1060504","华中区","10605","0","4","3","1611","0"
"1060501","华东区","10605","0","1","3","1608","0"
"1060329","清肝汤","10603","0","29","3","1555","1"
"1060333","四君子汤","10603","0","33","3","1559","1"
"1060334","丹枣散","10603","0","34","3","1560","1"
"1060344","首乌寄生鸡蛋汤","10603","0","44","3","1570","1"
"1060348","补肾健脾益气方","10603","0","48","3","1574","1"
"1060353","开结汤","10603","0","53","3","1579","1"
"1060506","西北区","10605","0","6","3","1613","0"
"1060332","佛豆玫瑰茶","10603","0","32","3","1558","1"
"1060347","清肾汤","10603","0","47","3","1573","1"
"1060356","桑枝茅根汤","10603","0","56","3","1582","1"
"1060361","银翘散","10603","0","61","3","1587","1"
"1060505","东北区","10605","0","5","3","1612","0"
"1060327","玄参钩藤汤","10603","0","27","3","1553","1"
"1060328","赭决九味汤","10603","0","28","3","1554","1"
"1060330","洋参石斛饮","10603","0","30","3","1556","1"
"1060345","玉露饮","10603","0","45","3","1571","1"
"1060351","红花当归汤","10603","0","51","3","1577","1"
"1060352","血府逐瘀汤","10603","0","52","3","1578","1"
"1060354","养血润肠煎","10603","0","54","3","1580","1"
"1060360","滋阴清热化瘀汤","10603","0","60","3","1586","1"
"1060362","白虎汤","10603","0","62","3","1588","1"
"1011104","1段奶粉","10111","0","4","3","1628","1"
